<?xml version="1.0" encoding="UTF-8"?>
<plugin-upgrade xmlns="http://www.&company;.com/UpgradeXMLSchema_v1"
	xmlns:xsi="http://www.w3.org/2001/XMLSchema-instance">
	<migrate to-version="2">
		<migrate-command name="Datical DB Deploy" name="Datical DB Deploy" old="DB Deploy" />
		<migrate-command name="Datical DB Forecast" old="DB Forecast" />
		<migrate-command name="Datical DB Snapshot" old="DB Snapshot" />
		<migrate-command name="Datical DB History" old="History" />
		<migrate-command name="Datical DB Change Log Sync" old="Sync Change Log" />
		<migrate-command name="Datical DB Clear Check Sums" old="Remove Check Sums" />
		<migrate-command name="Datical DB Status" old="Status" />
		<migrate-command name="Datical DB Check Drivers" old="Driver Check" />
		<migrate-command name="Datical DB Rollback" old="DB Rollback" />
		<migrate-command name="Datical DB Diff Change Log" old="Diff Change Log" />
		<migrate-command name="Datical DB Diff Report" old="Diff Report" />
	</migrate>
	<migrate to-version="1">
		<migrate-command name="DB Deploy" />
		<migrate-command name="DB Forecast" />
		<migrate-command name="DB Snapshot" />
		<migrate-command name="History" />
		<migrate-command name="Sync Change Log" />
		<migrate-command name="Remove Check Sums" />
		<migrate-command name="Status" />
		<migrate-command name="Driver Check" />
		<migrate-command name="DB Rollback" />
		<migrate-command name="Diff Change Log" />
		<migrate-command name="Diff Report" />
	</migrate>

</plugin-upgrade>