<?xml version="1.0" encoding="UTF-8"?>
<plugin-upgrade xmlns="http://www.urbancode.com/UpgradeXMLSchema_v1"
	xmlns:xsi="http://www.w3.org/2001/XMLSchema-instance">
	
	<migrate to-version="6">
		<migrate-command name="Datical DB Deploy" />
		<migrate-command name="Datical DB Forecast" />
		<migrate-command name="Datical DB Snapshot" />
		<migrate-command name="Datical DB History" />
		<migrate-command name="Datical DB Change Log Sync" />
		<migrate-command name="Datical DB Clear Check Sums" />
		<migrate-command name="Datical DB Status" />
		<migrate-command name="Datical DB Status Details" />
		<migrate-command name="Datical DB Check Drivers" />
		<migrate-command name="Datical DB Rollback" />
		<migrate-command name="Datical DB Diff Change Log" />
		<migrate-command name="Datical DB Diff Report" />
		<migrate-command name="Datical DB Create New Project" />
		<migrate-command name="Datical DB Create New Database Definition" />
		<migrate-command name="Datical DB Install License" />
	</migrate>	

	<migrate to-version="5">
		<migrate-command name="Datical DB Deploy" />
		<migrate-command name="Datical DB Forecast" />
		<migrate-command name="Datical DB Snapshot" />
		<migrate-command name="Datical DB History" />
		<migrate-command name="Datical DB Change Log Sync" />
		<migrate-command name="Datical DB Clear Check Sums" />
		<migrate-command name="Datical DB Status" />
		<migrate-command name="Datical DB Status Details" />
		<migrate-command name="Datical DB Check Drivers" />
		<migrate-command name="Datical DB Rollback" />
		<migrate-command name="Datical DB Diff Change Log" />
		<migrate-command name="Datical DB Diff Report" />
		<migrate-command name="Datical DB Create New Project" />
		<migrate-command name="Datical DB Create New Database Definition" />
		<migrate-command name="Datical DB Email Report" />
		<migrate-command name="Datical DB Install License" />
	</migrate>

	<migrate to-version="4">
		<migrate-command name="Datical DB Deploy" />
		<migrate-command name="Datical DB Forecast" />
		<migrate-command name="Datical DB Snapshot" />
		<migrate-command name="Datical DB History" />
		<migrate-command name="Datical DB Change Log Sync" />
		<migrate-command name="Datical DB Clear Check Sums" />
		<migrate-command name="Datical DB Status" />
		<migrate-command name="Datical DB Status Details" />
		<migrate-command name="Datical DB Check Drivers" />
		<migrate-command name="Datical DB Rollback" />
		<migrate-command name="Datical DB Diff Change Log" />
		<migrate-command name="Datical DB Diff Report" />
		<migrate-command name="Datical DB Create New Project" />
		<migrate-command name="Datical DB Create New Database Definition" />
		<migrate-command name="Datical DB Email Report" />

	</migrate>

	<migrate to-version="3">
		<migrate-command name="Datical DB Deploy" />
		<migrate-command name="Datical DB Forecast" />
		<migrate-command name="Datical DB Snapshot" />
		<migrate-command name="Datical DB History" />
		<migrate-command name="Datical DB Change Log Sync" />
		<migrate-command name="Datical DB Clear Check Sums" />
		<migrate-command name="Datical DB Status" />
		<migrate-command name="Datical DB Status Details" />
		<migrate-command name="Datical DB Check Drivers" />
		<migrate-command name="Datical DB Rollback" />
		<migrate-command name="Datical DB Diff Change Log" />
		<migrate-command name="Datical DB Diff Report" />
		<migrate-command name="Datical DB Create New Project" />
		<migrate-command name="Datical DB Create New Database Definition" />
	</migrate>
	<migrate to-version="2">
		<migrate-command name="Datical DB Deploy" old="DB Deploy" />
		<migrate-command name="Datical DB Forecast" old="DB Forecast" />
		<migrate-command name="Datical DB Snapshot" old="DB Snapshot" />
		<migrate-command name="Datical DB History" old="History" />
		<migrate-command name="Datical DB Change Log Sync"
			old="Sync Change Log" />
		<migrate-command name="Datical DB Clear Check Sums"
			old="Remove Check Sums" />
		<migrate-command name="Datical DB Status" old="Status" />
		<migrate-command name="Datical DB Check Drivers" old="Driver Check" />
		<migrate-command name="Datical DB Rollback" old="DB Rollback" />
		<migrate-command name="Datical DB Diff Change Log"
			old="Diff Change Log" />
		<migrate-command name="Datical DB Diff Report" old="Diff Report" />
	</migrate>
	<migrate to-version="1">
		<migrate-command name="DB Deploy" />
		<migrate-command name="DB Forecast" />
		<migrate-command name="DB Snapshot" />
		<migrate-command name="History" />
		<migrate-command name="Sync Change Log" />
		<migrate-command name="Remove Check Sums" />
		<migrate-command name="Status" />
		<migrate-command name="Driver Check" />
		<migrate-command name="DB Rollback" />
		<migrate-command name="Diff Change Log" />
		<migrate-command name="Diff Report" />
	</migrate>
</plugin-upgrade>